,country,region,lead_investors,company_link,img_src,company_name,post_money_value,total_eq_funding
0,India,Asia,The Carlyle Group,https://www.crunchbase.com/organization/nxtra-data,https://images.crunchbase.com/image/upload/t_cb-default-original/onmof0maottgxlajwrrb,Nxtra Data,$986M,$237M
1,United Kingdom,Europe,General Atlantic,https://www.crunchbase.com/organization/butternut-box,"data:image/gif;base64,R0lGODlhAQABAAAAACH5BAEKAAEALAAAAAABAAEAAAICTAEAOw==",Butternut Box,$985M,$467M
2,India,Asia,Schroder Adveq,https://www.crunchbase.com/organization/bizongo,https://images.crunchbase.com/image/upload/t_cb-default-original/nbqk4h4f5w4ityv7nsxk,Bizongo,$980M,$290M
3,United States,North America,Sutter Hill Ventures,https://www.crunchbase.com/organization/augment-68db,https://images.crunchbase.com/image/upload/t_cb-default-original/vru42qmrqsvucnnftixa,Augment,$977M,$252M
4,United States,North America,Lux Capital,https://www.crunchbase.com/organization/openstore,https://images.crunchbase.com/image/upload/t_cb-default-original/fz27vhw1ghxs29x9hwig,OpenStore,$970M,$137M
5,Canada,North America,TDM Growth Partners,https://www.crunchbase.com/organization/league,https://images.crunchbase.com/image/upload/t_cb-default-original/h4s6tvntc9cowaobwdzr,League,$965M,$171M
6,South Africa,Africa,"Blue Earth Capital, Norrsken22",https://www.crunchbase.com/organization/tyme,https://images.crunchbase.com/image/upload/t_cb-default-original/ulbrwqydekxsxwmqlodb,TymeBank,$965M,$317M
7,Japan,Asia,THE FUND Limited Partnership,https://www.crunchbase.com/organization/astroscale,https://images.crunchbase.com/image/upload/t_cb-default-original/daov9irqqlnngrv6h94x,Astroscale,$954M,$392M
8,United States,North America,B Capital,https://www.crunchbase.com/organization/fountain,https://images.crunchbase.com/image/upload/t_cb-default-original/ig7ri3pa5vjshw48q3ei,Fountain,$950M,$219M
9,United States,North America,"Advent International, Brighton Park Capital",https://www.crunchbase.com/organization/coralogix,https://images.crunchbase.com/image/upload/t_cb-default-original/obvlsvdk0qoddq6nxze1,Coralogix,$950M,$236M
10,South Korea,Asia,Hanwha Life,https://www.crunchbase.com/organization/korea-credit-data,"data:image/gif;base64,R0lGODlhAQABAAAAACH5BAEKAAEALAAAAAABAAEAAAICTAEAOw==",Korea Credit Data,$941M,$222M
11,Spain,Europe,Sofina,https://www.crunchbase.com/organization/typeform,https://images.crunchbase.com/image/upload/t_cb-default-original/zh0vyz33rof3kwsxnrv3,Typeform,$935M,$187M
12,China,Asia,Zhongzhi Enterprise Group,https://www.crunchbase.com/organization/xiaohuanggou,https://images.crunchbase.com/image/upload/t_cb-default-original/xnngyxew75g2ggidgmtu,Xiaohuanggou,$932M,$163M
13,United States,North America,Lone Pine Capital,https://www.crunchbase.com/organization/grin-inc,https://images.crunchbase.com/image/upload/t_cb-default-original/mbbmanr1ygmfdgylipqu,Grin,$910M,$145M
14,United States,North America,"GreenPoint Partners, Taronga Ventures",https://www.crunchbase.com/organization/openspace-ai,"data:image/gif;base64,R0lGODlhAQABAAAAACH5BAEKAAEALAAAAAABAAEAAAICTAEAOw==",OpenSpace,$902M,$199M
15,China,Asia,CICC,https://www.crunchbase.com/organization/supermonkey,https://images.crunchbase.com/image/upload/t_cb-default-original/fgw75zetc8kvb0vwtwsy,Supermonkey,$900M,$78M
16,Germany,Europe,Carrefour,https://www.crunchbase.com/organization/flink-food-gmbh,https://images.crunchbase.com/image/upload/t_cb-default-original/ykugeyc0vd81hn3qivrr,Flink Food,$900M,$1B
17,United States,North America,Claure Group,https://www.crunchbase.com/organization/kang-health,https://images.crunchbase.com/image/upload/t_cb-default-original/hp9rdfpsccspd26bdwdh,K Health,$900M,$419M
18,United States,North America,Valar Ventures,https://www.crunchbase.com/organization/octane-lending,https://images.crunchbase.com/image/upload/t_cb-default-original/k770l77zjwmuwmvoyvus,Octane,$900M,$221M
19,United States,North America,Linse Capital,https://www.crunchbase.com/organization/redaptive-inc,https://images.crunchbase.com/image/upload/t_cb-default-original/eng0tclgjyduu7nlqozx,Redaptive,$900M,$426M
20,India,Asia,"Amansa Capital, Jungle Ventures",https://www.crunchbase.com/organization/turtlemint,https://images.crunchbase.com/image/upload/t_cb-default-original/odl91czmfpw0qxxrr6k2,Turtlemint,$900M,$197M
21,The Netherlands,Europe,H.I.G. Growth Partners,https://www.crunchbase.com/organization/pyramid-analytics,https://images.crunchbase.com/image/upload/t_cb-default-original/kj4kgi0mhfnmirsetl8w,Pyramid Analytics,$900M,$194M
22,Finland,Europe,World Fund,https://www.crunchbase.com/organization/iqm,https://images.crunchbase.com/image/upload/t_cb-default-original/yyabyzxh9zi97cbylyln,IQM Quantum Computers,$900M,$207M
23,Israel,Asia,ADM Ventures,https://www.crunchbase.com/organization/future-meat-technologies,https://images.crunchbase.com/image/upload/t_cb-default-original/as8z7iqnkhmj9g7cwr7w,Believer Meats,$900M,$361M
24,United Kingdom,Europe,Centerbridge Partners,https://www.crunchbase.com/organization/stenn,https://images.crunchbase.com/image/upload/t_cb-default-original/ghjekebfsmt4dylbcm9v,Stenn Technologies,$900M,$50M
25,United States,North America,"Sienna Capital, SoftBank Vision Fund",https://www.crunchbase.com/organization/globality-inc,"data:image/gif;base64,R0lGODlhAQABAAAAACH5BAEKAAEALAAAAAABAAEAAAICTAEAOw==",Globality,$900M,$311M
26,Indonesia,Asia,Affinity Equity Partners,https://www.crunchbase.com/organization/vidio,https://images.crunchbase.com/image/upload/t_cb-default-original/ugghvl2eneodqt9bsjle,Vidio,$900M,$195M
27,United States,North America,"General Catalyst, Ryan Smith",https://www.crunchbase.com/organization/awardco,https://images.crunchbase.com/image/upload/t_cb-default-original/jrrlan9fvriv3xopfcjn,Awardco,$900M,$70M
28,China,Asia,HOPU Investment,https://www.crunchbase.com/organization/laiye,https://images.crunchbase.com/image/upload/t_cb-default-original/dfpey9mq9gfoaww11i7q,Laiye,$900M,$201M
29,United States,North America,SoftBank Vision Fund,https://www.crunchbase.com/organization/netradyne,https://images.crunchbase.com/image/upload/t_cb-default-original/aa2x0p7esk28iy4i7vmk,Netradyne,$900M,$198M
30,United States,North America,SoftBank Vision Fund,https://www.crunchbase.com/organization/labelbox,https://images.crunchbase.com/image/upload/t_cb-default-original/x8nuoaajfqfu6zdemgxz,Labelbox,$900M,$189M
31,United States,North America,"OMERS Growth Equity, Thomvest Ventures",https://www.crunchbase.com/organization/ladder-2,https://images.crunchbase.com/image/upload/t_cb-default-original/vaab2fkzfjirlmy19nhh,Ladder,$900M,$194M
32,United States,North America,Bain Capital Tech Opportunities,https://www.crunchbase.com/organization/axtria,"data:image/gif;base64,R0lGODlhAQABAAAAACH5BAEKAAEALAAAAAABAAEAAAICTAEAOw==",Axtria,$900M,$206M
33,China,Asia,SenseTime,https://www.crunchbase.com/organization/helian-health,https://images.crunchbase.com/image/upload/t_cb-default-original/m5yrp7hbtfdud98hza8f,Helian Health,$900M,$84M
34,United States,North America,Blackstone Group,https://www.crunchbase.com/organization/dynamo-software,"data:image/gif;base64,R0lGODlhAQABAAAAACH5BAEKAAEALAAAAAABAAEAAAICTAEAOw==",Dynamo Software,$900M,$0
35,Switzerland,Europe,Azimut Holding,https://www.crunchbase.com/organization/sygnum,https://images.crunchbase.com/image/upload/t_cb-default-original/dgi03ythlwjfiyuttovz,Sygnum,$900M,$130M
36,United States,North America,Warburg Pincus,https://www.crunchbase.com/organization/whatfix-2,https://images.crunchbase.com/image/upload/t_cb-default-original/cde76d94f27247c0892869aafaabd233,Whatfix,$900M,$265M
37,United States,North America,Goldman Sachs Asset Management,https://www.crunchbase.com/organization/madhive,https://images.crunchbase.com/image/upload/t_cb-default-original/ajs3jzaxez6eyuczcupw,Madhive,$900M,$300M
38,Singapore,Asia,Marshall Wace,https://www.crunchbase.com/organization/thunes,https://images.crunchbase.com/image/upload/t_cb-default-original/c5mzor1ldzsizyko7ju8,Thunes,$900M,$202M
39,United States,North America,Lockheed Martin Ventures,https://www.crunchbase.com/organization/hawkeye-360-2,https://images.crunchbase.com/image/upload/t_cb-default-original/daqah03idokcy52tazpo,HawkEye 360,$900M,$372M
40,Israel,Asia,Brighton Park Capital,https://www.crunchbase.com/organization/silverfort-2,https://images.crunchbase.com/image/upload/t_cb-default-original/dky5sgfwezqd3fqyjwj2,Silverfort,$900M,$223M
41,United States,North America,,https://www.crunchbase.com/organization/uncle-nearest,https://images.crunchbase.com/image/upload/t_cb-default-original/ll3jezjqf4wnldzuv3pg,Uncle Nearest,$900M,$225M
42,United States,North America,WestCap,https://www.crunchbase.com/organization/flyr,https://images.crunchbase.com/image/upload/t_cb-default-original/5c6fd4dc84014af188df62b79e0f6ece,FLYR,$900M,$412M
43,United States,North America,Silver Lake Waterman,https://www.crunchbase.com/organization/security-scorecard,https://images.crunchbase.com/image/upload/t_cb-default-original/reqcshet96h5qdlbxxw4,SecurityScorecard,$900M,$292M
44,India,Asia,Owl Ventures,https://www.crunchbase.com/organization/leap-finance,https://images.crunchbase.com/image/upload/t_cb-default-original/ziayplsjdeocjo3kfksb,Leap,$900M,$153M
45,United States,North America,Kohlberg Kravis Roberts,https://www.crunchbase.com/organization/guesty,https://images.crunchbase.com/image/upload/t_cb-default-original/adgkfkbekdbcro76eqbr,Guesty,$900M,$409M
46,United States,North America,Accel,https://www.crunchbase.com/organization/corelight,"data:image/gif;base64,R0lGODlhAQABAAAAACH5BAEKAAEALAAAAAABAAEAAAICTAEAOw==",Corelight,$900M,$309M
47,Singapore,Asia,Westpac,https://www.crunchbase.com/organization/shopback,https://images.crunchbase.com/image/upload/t_cb-default-original/kgyu3msbfwb2ubtwnxnu,ShopBack,$900M,$355M
48,The Netherlands,Europe,"Bond, Index Ventures",https://www.crunchbase.com/organization/otrium-4,"data:image/gif;base64,R0lGODlhAQABAAAAACH5BAEKAAEALAAAAAABAAEAAAICTAEAOw==",Otrium,$897M,$153M
49,China,Asia,Everbright,https://www.crunchbase.com/organization/googut-wine-spirits-014e,https://images.crunchbase.com/image/upload/t_cb-default-original/9e4dbb5faa8c3a99ceb2,Googut Wine & Spirits,$895M,$149M
50,Hong Kong,Asia,Prosperity7 Ventures,https://www.crunchbase.com/organization/insilico-medicine,https://images.crunchbase.com/image/upload/t_cb-default-original/d2766pktmzy5v8aixgzj,Insilico Medicine,$895M,$400M
51,Sweden,Europe,Ilija Batljan Invest,https://www.crunchbase.com/organization/exeger-sweden-ab,https://images.crunchbase.com/image/upload/t_cb-default-original/uuydwsk52ssfpsthpo7l,Exeger,$878M,$166M
52,South Korea,Asia,Home & Shopping,https://www.crunchbase.com/organization/oasis-market,https://images.crunchbase.com/image/upload/t_cb-default-original/pyukdmoml7fhtxawsvzj,Oasis Market,$875M,$104M
53,Spain,Europe,Next Tech Fund,https://www.crunchbase.com/organization/wallapop,"data:image/gif;base64,R0lGODlhAQABAAAAACH5BAEKAAEALAAAAAABAAEAAAICTAEAOw==",Wallapop,$874M,$302M
54,South Korea,Asia,Saehan Startup Investment,https://www.crunchbase.com/organization/npixel,https://images.crunchbase.com/image/upload/t_cb-default-original/supnzcuxwwdcgenud5ml,Npixel,$863M,$139M
55,Sweden,Europe,Chieftain Capital Management,https://www.crunchbase.com/organization/koenigsegg,"data:image/gif;base64,R0lGODlhAQABAAAAACH5BAEKAAEALAAAAAABAAEAAAICTAEAOw==",Koenigsegg Automotibe,$861M,$228M
56,Japan,Asia,,https://www.crunchbase.com/organization/fromsoftware,https://images.crunchbase.com/image/upload/t_cb-default-original/tzxjqzgulvxh6magiaki,FromSoftware,$861M,$0
57,Hong Kong,Asia,"Chelsea Vanguard Fund, Regal Planet Holdings Limited",https://www.crunchbase.com/organization/tng-fintech-group,"data:image/gif;base64,R0lGODlhAQABAAAAACH5BAEKAAEALAAAAAABAAEAAAICTAEAOw==",TNG FinTech Group,$860M,$200M
58,China,Asia,"IDG Capital, Meituan",https://www.crunchbase.com/organization/mech-mind,https://images.crunchbase.com/image/upload/t_cb-default-original/gnnosawq6dbsuy9c1sbt,Mech-Mind Robotics,$858M,$272M
59,United Kingdom,Europe,Samsung NEXT’s Q Fund,https://www.crunchbase.com/organization/curve,https://images.crunchbase.com/image/upload/t_cb-default-original/ixfgna6td8igchsmdmn0,Curve,$850M,$254M
60,India,Asia,Capital18,https://www.crunchbase.com/organization/bookmyshow,"data:image/gif;base64,R0lGODlhAQABAAAAACH5BAEKAAEALAAAAAABAAEAAAICTAEAOw==",BookMyShow,$850M,$225M
61,Vietnam,Asia,Shinhan Financial Group,https://www.crunchbase.com/organization/tiki-vn,"data:image/gif;base64,R0lGODlhAQABAAAAACH5BAEKAAEALAAAAAABAAEAAAICTAEAOw==",Tiki,$850M,$471M
62,United States,North America,"Menlo Ventures, Tiger Global Management",https://www.crunchbase.com/organization/cloudtrucks,https://images.crunchbase.com/image/upload/t_cb-default-original/eh6jv7dptjtrbx9l1ty8,CloudTrucks,$850M,$142M
63,United States,North America,Insight Partners,https://www.crunchbase.com/organization/campaign-monitor,https://images.crunchbase.com/image/upload/t_cb-default-original/riwfoqff2xanodrwbmxf,Campaign Monitor,$850M,$250M
64,United States,North America,General Catalyst,https://www.crunchbase.com/organization/kandji,https://images.crunchbase.com/image/upload/t_cb-default-original/irb2tvoflkctafmpagfm,Kandji,$850M,$288M
65,United Kingdom,Europe,Permira,https://www.crunchbase.com/organization/globalwebindex,https://images.crunchbase.com/image/upload/t_cb-default-original/gy13nexngfscwvfhnovc,GWI,$850M,$220M
66,India,Asia,A91 Partners,https://www.crunchbase.com/organization/la-renon,"data:image/gif;base64,R0lGODlhAQABAAAAACH5BAEKAAEALAAAAAABAAEAAAICTAEAOw==",La Renon,$849M,$46M
67,United States,North America,"SEI, SEI | SEI Ventures (NASDAQ: SEIC)",https://www.crunchbase.com/organization/the-tifin-group,https://images.crunchbase.com/image/upload/t_cb-default-original/mgxwxjrg8evqb92qdpqc,TIFIN,$842M,$216M
68,India,Asia,Castrol India,https://www.crunchbase.com/organization/ki-mobility-solutions,https://images.crunchbase.com/image/upload/t_cb-default-original/t3iwps4w2prsfdxfs2si,ki Mobility Solutions,$842M,$71M
69,South Korea,Asia,BRV Capital Management,https://www.crunchbase.com/organization/greenlabsglobal,https://images.crunchbase.com/image/upload/t_cb-default-original/niyerk0g8pqp2nflhsea,Greenlabs,$840M,$197M
70,United States,North America,SK Materials,https://www.crunchbase.com/organization/8-rivers-capital,https://images.crunchbase.com/image/upload/t_cb-default-original/lpsjcwbcyvwdzgxt7uvj,8 Rivers,$833M,$100M
71,China,Asia,Access Industries,https://www.crunchbase.com/organization/ule,"data:image/gif;base64,R0lGODlhAQABAAAAACH5BAEKAAEALAAAAAABAAEAAAICTAEAOw==",Ule,$830M,$111M
72,Indonesia,Asia,Tiger Global Management,https://www.crunchbase.com/organization/ruangguru,https://images.crunchbase.com/image/upload/t_cb-default-original/hw3gqypycfm8ln7hcsw9,Ruangguru,$830M,$205M
73,United States,North America,Periphas Capital,https://www.crunchbase.com/organization/shipmonk,"data:image/gif;base64,R0lGODlhAQABAAAAACH5BAEKAAEALAAAAAABAAEAAAICTAEAOw==",ShipMonk,$827M,$365M
74,United States,North America,IVP,https://www.crunchbase.com/organization/superhuman,"data:image/gif;base64,R0lGODlhAQABAAAAACH5BAEKAAEALAAAAAABAAEAAAICTAEAOw==",Superhuman,$825M,$108M
75,United Kingdom,Europe,J.P. Morgan Growth Equity Partners,https://www.crunchbase.com/organization/codat,https://images.crunchbase.com/image/upload/t_cb-default-original/lg55ndcisvwlyxivt5oi,Codat,$825M,$156M
76,India,Asia,Alteria Capital,https://www.crunchbase.com/organization/country-delight,https://images.crunchbase.com/image/upload/t_cb-default-original/qpd8jkylg23qe00jmtzg,Country Delight,$820M,$187M
77,South Korea,Asia,"Forest Partners, IBK Capital",https://www.crunchbase.com/organization/fadu,https://images.crunchbase.com/image/upload/t_cb-default-original/omnim0cpoururrypmzau,FADU,$817M,$70M
78,India,Asia,STIC Investment,https://www.crunchbase.com/organization/ninjacart,"data:image/gif;base64,R0lGODlhAQABAAAAACH5BAEKAAEALAAAAAABAAEAAAICTAEAOw==",Ninjacart,$815M,$352M
79,South Korea,Asia,IMM Investment,https://www.crunchbase.com/organization/nhn-cloud,https://images.crunchbase.com/image/upload/t_cb-default-original/81b0052035984ffa93d44ca4b510d75e,NHN Cloud,$812M,$122M
80,China,Asia,Baixing Bairong,https://www.crunchbase.com/organization/huisheng-biopharmaceutical,https://images.crunchbase.com/image/upload/t_cb-default-original/uszsygqv9oeb30xafstm,Huisheng Biopharmaceutical,$810M,$159M
81,United States,North America,SoftBank Vision Fund,https://www.crunchbase.com/organization/class-technologies,https://images.crunchbase.com/image/upload/t_cb-default-original/p9inzjd61re3uyxrrzxm,Class Technologies,$804M,$164M
82,United States,North America,Convivialite Ventures,https://www.crunchbase.com/organization/jokr,https://images.crunchbase.com/image/upload/t_cb-default-original/cusckg84rab80frlzyzz,JOKR,$800M,$530M
83,United States,North America,SoftBank Vision Fund,https://www.crunchbase.com/organization/scriptdash,https://images.crunchbase.com/image/upload/t_cb-default-original/fgr6iha6576py4kezkgc,Alto Pharmacy,$800M,$644M
84,United States,North America,LG Technology Ventures,https://www.crunchbase.com/organization/quiknode,https://images.crunchbase.com/image/upload/t_cb-default-original/bunpd6l0p0go0wkypqdi,QuickNode,$800M,$102M
85,United States,North America,Vista Equity Partners,https://www.crunchbase.com/organization/menlo-security,https://images.crunchbase.com/image/upload/t_cb-default-original/hb77psuvbuapheh5zd20,Menlo Security,$800M,$251M
86,United States,North America,"Bloomberg Beta, General Catalyst",https://www.crunchbase.com/organization/atob,https://images.crunchbase.com/image/upload/t_cb-default-original/poc0gofm8zvelrq8o7kh,AtoB,$800M,$232M
87,United States,North America,"CPMG, L2 Ventures",https://www.crunchbase.com/organization/leaflink,https://images.crunchbase.com/image/upload/t_cb-default-original/sfnx6rsh6pdo7wmsy1oe,LeafLink,$800M,$229M
88,United States,North America,JP Morgan Chase,https://www.crunchbase.com/organization/flipboard,"data:image/gif;base64,R0lGODlhAQABAAAAACH5BAEKAAEALAAAAAABAAEAAAICTAEAOw==",Flipboard,$800M,$236M
89,United States,North America,"Insight Partners, Stripes",https://www.crunchbase.com/organization/connecteam,https://images.crunchbase.com/image/upload/t_cb-default-original/sdprwoaf20lvzjnzownz,Connecteam,$800M,$158M
90,United States,North America,Greybrook Realty Partners,https://www.crunchbase.com/organization/delos,https://images.crunchbase.com/image/upload/t_cb-default-original/cwoml37qtl3vvdbjytpu,Delos,$800M,$198M
91,United States,North America,TCG,https://www.crunchbase.com/organization/lovevery,https://images.crunchbase.com/image/upload/t_cb-default-original/vsyuhdovm0esq9qcxbf5,Lovevery,$800M,$126M
92,United States,North America,Stripes,https://www.crunchbase.com/organization/lithic-pay,https://images.crunchbase.com/image/upload/t_cb-default-original/he8zhbmfvu06c2xzeam5,Lithic,$800M,$115M
93,United States,North America,The Westly Group,https://www.crunchbase.com/organization/cycognito,https://images.crunchbase.com/image/upload/t_cb-default-original/ytuyxjjuqwiudx2oeuov,CyCognito,$800M,$153M
94,United States,North America,"ACME Capital, TPG Growth",https://www.crunchbase.com/organization/personalized-beauty-discovery,https://images.crunchbase.com/image/upload/t_cb-default-original/dchush5lcuafa3o2unzw,ipsy,$800M,$237M
95,Colombia,South America,8VC,https://www.crunchbase.com/organization/tul-302e,https://images.crunchbase.com/image/upload/t_cb-default-original/gxx8eqhpk3wyruc2i54l,Tul,$800M,$205M
96,United States,North America,Cisco Investments,https://www.crunchbase.com/organization/qwilt,https://images.crunchbase.com/image/upload/t_cb-default-original/ybkt8jv6hmiwnxbdxxug,Qwilt,$800M,$135M
97,United States,North America,Intel Capital,https://www.crunchbase.com/organization/mirantis,"data:image/gif;base64,R0lGODlhAQABAAAAACH5BAEKAAEALAAAAAABAAEAAAICTAEAOw==",Mirantis,$800M,$220M
98,United States,North America,Permira,https://www.crunchbase.com/organization/mparticle,https://images.crunchbase.com/image/upload/t_cb-default-original/ym5zywdjrdipnlyvvaql,mParticle,$800M,$268M
99,United States,North America,"Battery Ventures, Norwest Venture Partners",https://www.crunchbase.com/organization/flyhomes,https://images.crunchbase.com/image/upload/t_cb-default-original/bdz2dacwxkfujwsqbxpj,Flyhomes,$800M,$190M
100,Singapore,Asia,"Novo Holdings, Vivo Capital",https://www.crunchbase.com/organization/esco-lifesciences,https://images.crunchbase.com/image/upload/t_cb-default-original/lcbgyuvjgapvaiocxbsf,Esco Lifesciences,$800M,$200M
101,United States,North America,Thoma Bravo,https://www.crunchbase.com/organization/alma-health,https://images.crunchbase.com/image/upload/t_cb-default-original/prbgpsldka8lhrq5mylg,Alma,$800M,$221M
102,United States,North America,Norwest Venture Partners,https://www.crunchbase.com/organization/homeward,https://images.crunchbase.com/image/upload/t_cb-default-original/byiuyzq6mpncpyd8olj4,Homeward,$800M,$160M
103,United States,North America,G Squared,https://www.crunchbase.com/organization/linksquares,https://images.crunchbase.com/image/upload/t_cb-default-original/ychntx9f7atc6wgkyeo5,LinkSquares,$800M,$161M
104,United States,North America,SoftBank Vision Fund,https://www.crunchbase.com/organization/workboard,https://images.crunchbase.com/image/upload/t_cb-default-original/sst8cervjevfjpujczax,Workboard,$800M,$140M
105,United Kingdom,Europe,Dai-ichi Life,https://www.crunchbase.com/organization/yu-life,https://images.crunchbase.com/image/upload/t_cb-default-original/ne973mej2afaqhkjw0un,YuLife,$800M,$207M
106,China,Asia,Warburg Pincus,https://www.crunchbase.com/organization/edaijia,"data:image/gif;base64,R0lGODlhAQABAAAAACH5BAEKAAEALAAAAAABAAEAAAICTAEAOw==",eDaijia,$800M,$130M
107,United States,North America,Multicoin Capital,https://www.crunchbase.com/organization/sei-labs,https://images.crunchbase.com/image/upload/t_cb-default-original/dnigjljymzlfqocewqsv,Sei Labs,$800M,$35M
108,United States,North America,Antler,https://www.crunchbase.com/organization/superordinary,https://images.crunchbase.com/image/upload/t_cb-default-original/h6nbgqrw2zsqlzveflqb,SuperOrdinary,$800M,$58M
109,United States,North America,General Atlantic,https://www.crunchbase.com/organization/athletic-brewing,https://images.crunchbase.com/image/upload/t_cb-default-original/b5alhwt4zdyuhnm97vuh,Athletic Brewing,$800M,$249M
110,United States,North America,Hanaco Venture Capital,https://www.crunchbase.com/organization/uveye,https://images.crunchbase.com/image/upload/t_cb-default-original/v2fodwkkertl9plgftkv,UVeye,$800M,$196M
111,Sweden,Europe,Mubadala Capital Ventures,https://www.crunchbase.com/organization/juni,https://images.crunchbase.com/image/upload/t_cb-default-original/mabbnmxvz8gsralvcmab,Juni,$800M,$176M
112,India,Asia,"Helios Investment Partners, Taj Investment Holdings",https://www.crunchbase.com/organization/m2p-fintech,https://images.crunchbase.com/image/upload/t_cb-default-original/02aedc5275ea43b0a3ab27997065b32e,M2P Fintech,$790M,$181M
113,Canada,North America,"CRV, Insight Partners",https://www.crunchbase.com/organization/tailscale,https://images.crunchbase.com/image/upload/t_cb-default-original/xkthebhmilwbyffilnfl,Tailscale,$785M,$115M
114,South Korea,Asia,Mirae Asset Capital,https://www.crunchbase.com/organization/kream-corporation,https://images.crunchbase.com/image/upload/t_cb-default-original/z5en65csfagawzuhn5ce,KREAM Corporation,$785M,$330M
115,Canada,North America,Valar Ventures,https://www.crunchbase.com/organization/neo-financial,https://images.crunchbase.com/image/upload/t_cb-default-original/xmmu8q3c82cphoca39v1,Neo Financial,$780M,$215M
116,United States,North America,Caisse de Depot et Placement du Quebec,https://www.crunchbase.com/organization/wizrocket-technologies,https://images.crunchbase.com/image/upload/t_cb-default-original/qqjnakhnppwbcncfs80j,CleverTap,$775M,$182M
117,India,Asia,Google,https://www.crunchbase.com/organization/dunzo,https://images.crunchbase.com/image/upload/t_cb-default-original/mobh5yfx7aojir1vhnjf,Dunzo,$775M,$361M
118,United States,North America,Altimeter Capital,https://www.crunchbase.com/organization/h1,https://images.crunchbase.com/image/upload/t_cb-default-original/kl0gmotn2kidtogybbnt,H1.co,$773M,$194M
119,South Korea,Asia,Tencent,https://www.crunchbase.com/organization/shift-up,https://images.crunchbase.com/image/upload/t_cb-default-original/f331de85a29e917f6a8e,Shiftup,$772M,$26M
120,Canada,North America,Georgian,https://www.crunchbase.com/organization/vention,"data:image/gif;base64,R0lGODlhAQABAAAAACH5BAEKAAEALAAAAAABAAEAAAICTAEAOw==",Vention,$767M,$139M
121,United States,North America,Canapi Ventures,https://www.crunchbase.com/organization/notarize,https://images.crunchbase.com/image/upload/t_cb-default-original/xf3ijv88eqme4m7lpfbj,Notarize,$760M,$213M
122,United States,North America,TPG,https://www.crunchbase.com/organization/bgb-group,https://images.crunchbase.com/image/upload/t_cb-default-original/bhequqsen23lqhyas3ql,BGB Group,$760M,$0
123,United States,North America,TCV,https://www.crunchbase.com/organization/instawork,https://images.crunchbase.com/image/upload/t_cb-default-original/ifudjr8mtvq4cdeh3dob,Instawork,$760M,$148M
124,United States,North America,Notable Capital,https://www.crunchbase.com/organization/novo,https://images.crunchbase.com/image/upload/t_cb-default-original/j8cg6v4zyo1m25te4ipj,Novo,$755M,$171M
125,China,Asia,,https://www.crunchbase.com/organization/atlas-map,https://images.crunchbase.com/image/upload/t_cb-default-original/jzczelgtqpwfjz4dmior,ATLAS,$751M,$29M
126,United States,North America,Bessemer Venture Partners,https://www.crunchbase.com/organization/takeone,https://images.crunchbase.com/image/upload/t_cb-default-original/uqirikmnuy5rhgcxuibf,Wrapbook,$750M,$151M
127,United States,North America,Tiger Global Management,https://www.crunchbase.com/organization/squ%C4%ABr-technologies,https://images.crunchbase.com/image/upload/t_cb-default-original/hva1nmk2ahfmtzykfxqn,Squire,$750M,$145M
128,India,Asia,"Abstract Ventures, Fasanara Capital",https://www.crunchbase.com/organization/stashfin,https://images.crunchbase.com/image/upload/t_cb-default-original/fwbgpokgyxgopaeiym6q,Stashfin,$750M,$115M
129,Canada,North America,Fidelity,https://www.crunchbase.com/organization/hootsuite,https://images.crunchbase.com/image/upload/t_cb-default-original/mrawwmtotusxlyksaf8x,Hootsuite,$750M,$227M
130,United States,North America,D1 Capital Partners,https://www.crunchbase.com/organization/provi,https://images.crunchbase.com/image/upload/t_cb-default-original/ihurvwqbkhejpw1gde6n,Provi,$750M,$125M
131,Singapore,Asia,Accel,https://www.crunchbase.com/organization/nansen-1c5a,https://images.crunchbase.com/image/upload/t_cb-default-original/tiqlvd3tsi9oodwxhn9h,Nansen,$750M,$88M
132,United States,North America,General Catalyst,https://www.crunchbase.com/organization/brightinsight,https://images.crunchbase.com/image/upload/t_cb-default-original/vwejqd6hneixorq0crix,BrightInsight,$750M,$166M
133,United States,North America,SoftBank Vision Fund,https://www.crunchbase.com/organization/reibus-international,https://images.crunchbase.com/image/upload/t_cb-default-original/aoqayhfimbja4fhq5c3u,Reibus,$750M,$132M
134,United States,North America,L Catterton,https://www.crunchbase.com/organization/reimagined,https://images.crunchbase.com/image/upload/t_cb-default-original/sl8au0hq27fuf3ozu99r,Hungryroot,$750M,$75M
135,United States,North America,"Allen & Company, L Catterton",https://www.crunchbase.com/organization/thirdlove,https://images.crunchbase.com/image/upload/t_cb-default-original/kki8la280lrhf1dtaufb,ThirdLove,$750M,$69M
136,France,Europe,Kohlberg Kravis Roberts,https://www.crunchbase.com/organization/ornikar,https://images.crunchbase.com/image/upload/t_cb-default-original/plnpp69nlxbfgrddbt2e,Ornikar,$750M,$174M
137,Israel,Asia,One Peak,https://www.crunchbase.com/organization/coronet,https://images.crunchbase.com/image/upload/t_cb-default-original/sdboatuwyezrkm4fxmht,Coro,$750M,$255M
138,United States,North America,Andreessen Horowitz,https://www.crunchbase.com/organization/pinecone,https://images.crunchbase.com/image/upload/t_cb-default-original/gpj0mnfyrd85uvcvkrup,Pinecone,$750M,$138M
139,Nigeria,Africa,Uber,https://www.crunchbase.com/organization/moove-io,https://images.crunchbase.com/image/upload/t_cb-default-original/uequxif5jbi6rnpnkizk,Moove,$750M,$259M
140,Singapore,Asia,"GIC, Meritech Capital Partners",https://www.crunchbase.com/organization/atlan-239d,https://images.crunchbase.com/image/upload/t_cb-default-original/qd2aoc4l0smqwloomoiw,Atlan,$750M,$202M
141,India,Asia,"Lightspeed Venture Partners, StepStone Group",https://www.crunchbase.com/organization/pocket-fm,https://images.crunchbase.com/image/upload/t_cb-default-original/qtejhjup9w63oreidi83,Pocket FM,$750M,$197M
142,United States,North America,Salesforce Ventures,https://www.crunchbase.com/organization/second-front-systems,https://images.crunchbase.com/image/upload/t_cb-default-original/g1tv9nwgkadeka4ziyvf,Second Front Systems,$750M,$152M
143,The Netherlands,Europe,SoftBank Vision Fund,https://www.crunchbase.com/organization/sendcloud,https://images.crunchbase.com/image/upload/t_cb-default-original/mncbhwcwdatxfnnpnevy,Sendcloud,$750M,$201M
144,India,Asia,Kora,https://www.crunchbase.com/organization/cleartax,https://images.crunchbase.com/image/upload/t_cb-default-original/oedbtszsqxvg1keaeffo,ClearTax,$750M,$140M
145,South Korea,Asia,Shinhan Financial Group,https://www.crunchbase.com/organization/ably-corporation,https://images.crunchbase.com/image/upload/t_cb-default-original/jv8vj8lx25v8xvl8fz7y,ABLY Corporation,$750M,$149M
146,China,Asia,Shenzhen Capital Group,https://www.crunchbase.com/organization/phylion-battery,https://images.crunchbase.com/image/upload/t_cb-default-original/oqtc4lp5qypoqubgnpcq,Phylion Battery,$738M,$349M
147,Indonesia,Asia,"Falcon House Partners, MDI Ventures",https://www.crunchbase.com/organization/sicepat-express,https://images.crunchbase.com/image/upload/t_cb-default-original/mtolncn9plutnkrwtvqy,Sicepat Express,$736M,$274M
148,United States,North America,"Andreessen Horowitz, Kleiner Perkins",https://www.crunchbase.com/organization/autograph-862f,https://images.crunchbase.com/image/upload/t_cb-default-original/mc70boruiike1yqz4evc,Autograph,$735M,$205M
149,Australia,Oceania,Headline,https://www.crunchbase.com/organization/zeller,https://images.crunchbase.com/image/upload/t_cb-default-original/b3aqcieviawkbf6nfnz7,Zeller,$729M,$135M
150,Australia,Oceania,Spark Capital,https://www.crunchbase.com/organization/cover-genius,https://images.crunchbase.com/image/upload/t_cb-default-original/gbydl0aqdy6fvogtp2ji,Cover Genius,$728M,$245M
151,Germany,Europe,General Atlantic,https://www.crunchbase.com/organization/anydesk,https://images.crunchbase.com/image/upload/t_cb-default-original/bpcydb7phoe9nycvq5jy,AnyDesk,$728M,$76M
152,China,Asia,QJY Capital,https://www.crunchbase.com/organization/banma-kuaipao,https://images.crunchbase.com/image/upload/t_cb-default-original/fcsdcytzqgy4oncjobms,Banma Kuaipao,$726M,$181M
153,United States,North America,FootPrint Coalition,https://www.crunchbase.com/organization/motif-ingredients,https://images.crunchbase.com/image/upload/t_cb-default-original/p8jfb9lxx1pkkbtms3lm,Motif,$726M,$344M
154,United States,North America,Stripe,https://www.crunchbase.com/organization/check-2a75,https://images.crunchbase.com/image/upload/t_cb-default-original/ddkrcfapxq2zoldgrcvk,Check,$725M,$119M
155,United States,North America,RedBird Capital Partners,https://www.crunchbase.com/organization/the-springhill-company,https://images.crunchbase.com/image/upload/t_cb-default-original/emjfbhykvr3v8na3rlwo,The SpringHill Company,$725M,$100M
156,United Kingdom,Europe,Global PayTech Ventures,https://www.crunchbase.com/organization/paysend,https://images.crunchbase.com/image/upload/t_cb-default-original/coefnlrt5thywpd6n7pe,Paysend,$719M,$338M
157,China,Asia,,https://www.crunchbase.com/organization/hanhou-group,https://images.crunchbase.com/image/upload/t_cb-default-original/imjytiamo1irtb8pz0xz,Hanhou Group,$719M,$23M
158,United Kingdom,Europe,Spark Capital,https://www.crunchbase.com/organization/taptap-send,https://images.crunchbase.com/image/upload/t_cb-default-original/olhhhyw5ewktmc7vztoq,Taptap Send,$715M,$78M
159,South Korea,Asia,Digital Turbine,https://www.crunchbase.com/organization/one-store,https://images.crunchbase.com/image/upload/t_cb-default-original/tba7xmopmkijyndlhvll,One Store,$715M,$149M
160,India,Asia,Partners Group,https://www.crunchbase.com/organization/ecom-express,"data:image/gif;base64,R0lGODlhAQABAAAAACH5BAEKAAEALAAAAAABAAEAAAICTAEAOw==",Ecom Express,$714M,$526M
161,China,Asia,NIO,https://www.crunchbase.com/organization/neo-fusion,,Neo Fusion,$714M,$214M
162,China,Asia,"Jun Lei, Xiaomi",https://www.crunchbase.com/organization/yeahmobi,https://images.crunchbase.com/image/upload/t_cb-default-original/iimfiqferwrnrjyk0r7x,Yeahmobi,$712M,$132M
163,China,Asia,Sequoia Capital China,https://www.crunchbase.com/organization/saturnbird-coffee,https://images.crunchbase.com/image/upload/t_cb-default-original/snhaiz5j2rs3ymysikz4,Saturnbird Coffee,$711M,$32M
164,India,Asia,Peak XV Partners,https://www.crunchbase.com/organization/amica-financial-technologies,https://images.crunchbase.com/image/upload/t_cb-default-original/hdib1ehp46qq0pdiluge,Jupiter,$711M,$157M
165,India,Asia,MEMG Family Office,https://www.crunchbase.com/organization/pharm-easy,https://images.crunchbase.com/image/upload/t_cb-default-original/xfplpgsticu5fxbzkfst,PharmEasy,$710M,$2B
166,India,Asia,Lightrock,https://www.crunchbase.com/organization/interviewbit-academy,https://images.crunchbase.com/image/upload/t_cb-default-original/oz4tlgpmuuqsri2wxpbs,Scaler Academy,$710M,$55M
167,United States,North America,"Alven, SaaStr Fund",https://www.crunchbase.com/organization/gorgias,https://images.crunchbase.com/image/upload/t_cb-default-original/ada90malk8ocy72747eg,Gorgias,$710M,$102M
168,United States,North America,General Motors,https://www.crunchbase.com/organization/inrix,https://images.crunchbase.com/image/upload/t_cb-default-original/ehsattj6w3y0i3ccw4au,INRIX,$710M,$114M
169,United States,North America,Francisco Partners,https://www.crunchbase.com/organization/source-photonics,https://images.crunchbase.com/image/upload/t_cb-default-original/tdn1rnr0vgxxdjc5grkx,Source Photonics,$710M,$230M
170,United States,North America,Northwell Health,https://www.crunchbase.com/organization/emilio-health,https://images.crunchbase.com/image/upload/t_cb-default-original/hhgzlrccrwcco1fca9g2,Brightline,$705M,$205M
171,Canada,North America,Seven Seven Six,https://www.crunchbase.com/organization/doodles-nft,https://images.crunchbase.com/image/upload/t_cb-default-original/d9mh9evt83cxufnvyitj,Doodles,$704M,$54M
172,Australia,Oceania,Accel,https://www.crunchbase.com/organization/dovetail-app,https://images.crunchbase.com/image/upload/t_cb-default-original/sasgzjuvz760pelibcnd,Dovetail,$700M,$69M
173,India,Asia,"Sofina, Temasek Holdings",https://www.crunchbase.com/organization/dehaat,https://images.crunchbase.com/image/upload/t_cb-default-original/dm7enb83344aszyta4jb,DeHaat,$700M,$221M
174,United States,North America,"Eldridge Industries, JE Dunn Construction",https://www.crunchbase.com/organization/prescient,https://images.crunchbase.com/image/upload/t_cb-default-original/hfyztz6tv9voding5jxx,Prescient,$700M,$295M
175,United States,North America,"Main Street Advisors, SC.Holdings",https://www.crunchbase.com/organization/hyperice,https://images.crunchbase.com/image/upload/t_cb-default-original/wobvwupjkhbhxmkukvaf,Hyperice,$700M,$48M
176,United Kingdom,Europe,Invus Opportunities,https://www.crunchbase.com/organization/clearscore,https://images.crunchbase.com/image/upload/t_cb-default-original/dajmpczwtskkyhmpwi25,ClearScore,$700M,$200M
177,United States,North America,"5AM Ventures, Gilde Healthcare",https://www.crunchbase.com/organization/karius,https://images.crunchbase.com/image/upload/t_cb-default-original/ao4rgdx4ajq4rxv7yo69,Karius,$700M,$329M
178,United States,North America,Santander US,https://www.crunchbase.com/organization/autofi,"data:image/gif;base64,R0lGODlhAQABAAAAACH5BAEKAAEALAAAAAABAAEAAAICTAEAOw==",AutoFi,$700M,$115M
179,United States,North America,"Caspian VC Partners, DP World Group",https://www.crunchbase.com/organization/virgin-hyperloop,https://images.crunchbase.com/image/upload/t_cb-default-original/fovievp6eyyln50abigk,Virgin Hyperloop,$700M,$318M
180,United States,North America,SoftBank Vision Fund,https://www.crunchbase.com/organization/embark-veterinary,https://images.crunchbase.com/image/upload/t_cb-default-original/g8czjyxphg1b9uovkmtp,Embark,$700M,$94M
181,United States,North America,,https://www.crunchbase.com/organization/indegene-lifesystems-pvt-ltd,"data:image/gif;base64,R0lGODlhAQABAAAAACH5BAEKAAEALAAAAAABAAEAAAICTAEAOw==",Indegene Lifesystems,$700M,$0
182,United States,North America,Kinnevik,https://www.crunchbase.com/organization/vivino,"data:image/gif;base64,R0lGODlhAQABAAAAACH5BAEKAAEALAAAAAABAAEAAAICTAEAOw==",Vivino,$700M,$222M
183,United States,North America,GS Growth,https://www.crunchbase.com/organization/gumgum,https://images.crunchbase.com/image/upload/t_cb-default-original/anobpforh2aqw47ythg7,GumGum,$700M,$134M
184,United Kingdom,Europe,LVMH,https://www.crunchbase.com/organization/lyst,https://images.crunchbase.com/image/upload/t_cb-default-original/jrbxx5zwdttmletwt9j7,Lyst,$700M,$144M
185,China,Asia,,https://www.crunchbase.com/organization/doublefs,,Doublefs,$700M,$130M
186,Malaysia,Asia,Lazada Group,https://www.crunchbase.com/organization/tng-digital,https://images.crunchbase.com/image/upload/t_cb-default-original/bhgxip5qmlgwwn1zrzzv,TNG Digital,$700M,$243M
187,United States,North America,"Kleiner Perkins, Owl Ventures",https://www.crunchbase.com/organization/thrive-global,https://images.crunchbase.com/image/upload/t_cb-default-original/km7smqckzsnsnska1biy,Thrive Global,$700M,$146M
188,United Kingdom,Europe,Citi Ventures,https://www.crunchbase.com/organization/colendi,https://images.crunchbase.com/image/upload/t_cb-default-original/voape51yajfpjjt9nxb2,Colendi,$700M,$136M
189,United States,North America,ServiceNow,https://www.crunchbase.com/organization/carear,https://images.crunchbase.com/image/upload/t_cb-default-original/gz9uecjfaac6byn80ar4,CareAR,$700M,$10M
190,India,Asia,Lighthouse Funds,https://www.crunchbase.com/organization/medikabazaar,https://images.crunchbase.com/image/upload/t_cb-default-original/axrlyvm9hefpylzfuchl,Medikabazaar,$700M,$177M
191,China,Asia,,https://www.crunchbase.com/organization/shanghai-microport-ep-medtech,https://images.crunchbase.com/image/upload/t_cb-default-original/gbvxgbikzffi2byukj5m,MicroPort EP,$690M,$43M
192,United Kingdom,Europe,SoftBank Vision Fund,https://www.crunchbase.com/organization/primarybid,https://images.crunchbase.com/image/upload/t_cb-default-original/izxgk0uycthof6nqwbvv,PrimaryBid,$690M,$252M
193,India,Asia,Wiseanya,https://www.crunchbase.com/organization/kreditbee,https://images.crunchbase.com/image/upload/t_cb-default-original/stxssmc7prwwfxmqp7al,KreditBee,$680M,$362M
194,United States,North America,Evolution Equity Partners,https://www.crunchbase.com/organization/torq-technologies,https://images.crunchbase.com/image/upload/t_cb-default-original/4f2ba7f554f34d58aeba0d918af8cbb3,Torq,$670M,$190M
195,India,Asia,Gaja Capital,https://www.crunchbase.com/organization/bac-acquisition,https://images.crunchbase.com/image/upload/t_cb-default-original/j3r0t0y8mngr77ih83qj,Navi Technologies,$667M,$582M
196,South Korea,Asia,STIC Investment,https://www.crunchbase.com/organization/musicow,https://images.crunchbase.com/image/upload/t_cb-default-original/gz5jdrgbmd2798ra99el,Musicow,$660M,$147M
197,South Korea,Asia,Wa’ed Ventures,https://www.crunchbase.com/organization/rebellions-ai,https://images.crunchbase.com/image/upload/t_cb-default-original/fm0kkmmcqbc6qaj6iaej,Rebellions,$660M,$227M
198,United States,North America,Andreessen Horowitz,https://www.crunchbase.com/organization/substack,https://images.crunchbase.com/image/upload/t_cb-default-original/itndzdrwlnb1w2yv0ssu,Substack,$650M,$90M
199,United States,North America,Grosvenor Food & AgTech,https://www.crunchbase.com/organization/emergy-food,https://images.crunchbase.com/image/upload/t_cb-default-original/tjjqk4giydnbbbdlx2ye,Meati,$650M,$355M
200,India,Asia,"Dragoneer Investment Group, Steadview Capital",https://www.crunchbase.com/organization/indmoney-com,https://images.crunchbase.com/image/upload/t_cb-default-original/mbfei4lygsafusnva7xz,INDmoney,$650M,$154M
201,United States,North America,Intact Ventures,https://www.crunchbase.com/organization/resilience-insurance,https://images.crunchbase.com/image/upload/t_cb-default-original/p0lngpthpgjvlekgawfs,Resilience Cyber Risk Solution,$650M,$217M
202,United States,North America,"Apax Digital, New Enterprise Associates",https://www.crunchbase.com/organization/moda-operandi,https://images.crunchbase.com/image/upload/t_cb-default-original/qipz7ltje8xatraaovnj,Moda Operandi,$650M,$355M
203,United Kingdom,Europe,Apax Digital,https://www.crunchbase.com/organization/tide-2,https://images.crunchbase.com/image/upload/t_cb-default-original/ufw67v3akvpratrveram,Tide,$650M,$177M
204,Germany,Europe,Dawn Capital,https://www.crunchbase.com/organization/billie-io,"data:image/gif;base64,R0lGODlhAQABAAAAACH5BAEKAAEALAAAAAABAAEAAAICTAEAOw==",Billie,$640M,$149M
205,Norway,Europe,Zoom,https://www.crunchbase.com/organization/neat-17f0,https://images.crunchbase.com/image/upload/t_cb-default-original/op3i27boyfnrfiahecrc,Neat,$640M,$30M
206,United Kingdom,Europe,General Atlantic,https://www.crunchbase.com/organization/fresha,https://images.crunchbase.com/image/upload/t_cb-default-original/utcxunrosntvwoh0oflv,Fresha,$640M,$180M
207,United States,North America,SVB Capital,https://www.crunchbase.com/organization/tomo-a2ad,https://images.crunchbase.com/image/upload/t_cb-default-original/nwdyfx8pqo8do2b4j4pf,Tomo,$640M,$110M
208,United States,North America,SoftBank Vision Fund,https://www.crunchbase.com/organization/sendoso,https://images.crunchbase.com/image/upload/t_cb-default-original/q6rt7th5mzynht3gsucy,Sendoso,$640M,$153M
209,Switzerland,Europe,"Catalyst, M&G Investments",https://www.crunchbase.com/organization/skycell,https://images.crunchbase.com/image/upload/t_cb-default-original/u4jcehrkziiocejw5qpt,SkyCell,$635M,$215M
210,United States,North America,"Founders Fund, US Innovative Technology Fund",https://www.crunchbase.com/organization/gecko-robotics,https://images.crunchbase.com/image/upload/t_cb-default-original/ockz4oqltnljfn58itnz,Gecko Robotics,$633M,$222M
211,China,Asia,CVCC Zhongshi Capital,https://www.crunchbase.com/organization/meiweibuyongdeng,https://images.crunchbase.com/image/upload/t_cb-default-original/gib4dugjzjau9iw8srtg,Meiwei Buyongdeng,$632M,$162M
212,United States,North America,"Insight Partners, Tiger Global Management",https://www.crunchbase.com/organization/census-3975,https://images.crunchbase.com/image/upload/t_cb-default-original/llmjpn8a0pgu8szjmnyi,Census,$630M,$80M
213,United States,North America,Vector Capital,https://www.crunchbase.com/organization/malwarebytes,https://images.crunchbase.com/image/upload/t_cb-default-original/y4ntbpuby0d00o3zapvx,Malwarebytes,$625M,$180M
214,Kenya,Africa,"Avenir, Tiger Global Management",https://www.crunchbase.com/organization/wasoko,https://images.crunchbase.com/image/upload/t_cb-default-original/zpddptpq9gbwkqtnm3em,Wasoko,$625M,$144M
215,United States,North America,US Innovative Technology Fund,https://www.crunchbase.com/organization/pryon,https://images.crunchbase.com/image/upload/t_cb-default-original/vb8oajpsmas1ovlz6sfv,Pryon,$625M,$156M
216,United States,North America,Trilantic Capital Partners,https://www.crunchbase.com/organization/nixon,"data:image/gif;base64,R0lGODlhAQABAAAAACH5BAEKAAEALAAAAAABAAEAAAICTAEAOw==",Nixon,$623M,$162M
217,United States,North America,Accel,https://www.crunchbase.com/organization/raise-marketplace,https://images.crunchbase.com/image/upload/t_cb-default-original/azrn6vlh5kpabmn9lao1,Raise,$615M,$147M
218,United States,North America,Janus Henderson Investors,https://www.crunchbase.com/organization/apartmentlist,https://images.crunchbase.com/image/upload/t_cb-default-original/wwl0ri2jhijxj9adxgvm,Apartment List,$610M,$163M
219,China,Asia,Tencent,https://www.crunchbase.com/organization/gaosi-education-group,"data:image/gif;base64,R0lGODlhAQABAAAAACH5BAEKAAEALAAAAAABAAEAAAICTAEAOw==",Gaosi Education Group,$607M,$286M
220,United States,North America,Times Bridge,https://www.crunchbase.com/organization/smule,https://images.crunchbase.com/image/upload/t_cb-default-original/vjjxxfyjqggr7anhivzk,Smule,$604M,$179M
221,United States,North America,Gilead Sciences,https://www.crunchbase.com/organization/tizona-therapeutics,"data:image/gif;base64,R0lGODlhAQABAAAAACH5BAEKAAEALAAAAAABAAEAAAICTAEAOw==",Tizona Therapeutics,$601M,$370M
222,India,Asia,Jungle Ventures,https://www.crunchbase.com/organization/betterplace-safety-solutions-pvt-ltd,https://images.crunchbase.com/image/upload/t_cb-default-original/jkfvyoydozcgfz4w0rx0,BetterPlace,$601M,$79M
223,China,Asia,CCB International,https://www.crunchbase.com/organization/weidong-cloud-education,https://images.crunchbase.com/image/upload/t_cb-default-original/udtigk6eve6bdabfsugy,Weidong Cloud Education,$601M,$0
224,India,Asia,Tribe Capital,https://www.crunchbase.com/organization/khatabook,https://images.crunchbase.com/image/upload/t_cb-default-original/kiqhku6ifxeio5aiqeos,Khatabook,$600M,$187M
225,Germany,Europe,Vitruvian Partners,https://www.crunchbase.com/organization/moonfare,https://images.crunchbase.com/image/upload/t_cb-default-original/fakztewtpirhol16iks0,Moonfare,$600M,$175M
226,United States,North America,Spark Capital,https://www.crunchbase.com/organization/medium,https://images.crunchbase.com/image/upload/t_cb-default-original/j60jjpuysdmntlrx8fz0,Medium,$600M,$163M
227,United Kingdom,Europe,Apax Digital,https://www.crunchbase.com/organization/clearbank,"data:image/gif;base64,R0lGODlhAQABAAAAACH5BAEKAAEALAAAAAABAAEAAAICTAEAOw==",ClearBank,$600M,$516M
228,United States,North America,Menlo Ventures,https://www.crunchbase.com/organization/affinity-inc,https://images.crunchbase.com/image/upload/t_cb-default-original/epynojgonel555eky5go,Affinity,$600M,$120M
229,United States,North America,ICONIQ Growth,https://www.crunchbase.com/organization/notable,https://images.crunchbase.com/image/upload/t_cb-default-original/ackx7tk83zmns2pziur0,Notable,$600M,$119M
230,United States,North America,Meritech Capital Partners,https://www.crunchbase.com/organization/tray,https://images.crunchbase.com/image/upload/t_cb-default-original/c2pbwya32eihntdypeud,tray.io,$600M,$149M
231,United States,North America,"Insight Partners, Tiger Global Management",https://www.crunchbase.com/organization/mutinyhq,https://images.crunchbase.com/image/upload/t_cb-default-original/yrvcqb8dgkffltz07hve,Mutiny,$600M,$72M
232,Romania,Europe,,https://www.crunchbase.com/organization/bitdefender,"data:image/gif;base64,R0lGODlhAQABAAAAACH5BAEKAAEALAAAAAABAAEAAAICTAEAOw==",Bitdefender,$600M,$7M
233,United States,North America,"Comcast Ventures, Goldman Sachs Investment Partners",https://www.crunchbase.com/organization/zola,https://images.crunchbase.com/image/upload/t_cb-default-original/hirhx4zxnn2xfjlehiqu,Zola,$600M,$241M
234,United States,North America,Stripes,https://www.crunchbase.com/organization/hello-doctor,https://images.crunchbase.com/image/upload/t_cb-default-original/rgqblhnjy542lnesjzts,Hello Heart,$600M,$138M
235,United States,North America,Haun Ventures,https://www.crunchbase.com/organization/zora-742a,https://images.crunchbase.com/image/upload/t_cb-default-original/zvwzyxxgb0ncbmcpcfcy,Zora,$600M,$63M
236,United States,North America,"Fifth Wall, Riverwood Capital",https://www.crunchbase.com/organization/industrious-office,https://images.crunchbase.com/image/upload/t_cb-default-original/i4czozwj3li4g2w6wkqn,Industrious,$600M,$422M
237,South Korea,Asia,e&,https://www.crunchbase.com/organization/bespin-global,https://images.crunchbase.com/image/upload/t_cb-default-original/bmlndi6byt7d4pbzack5,Bespin Global,$600M,$253M
238,United States,North America,Blackstone Accelerates Growth,https://www.crunchbase.com/organization/dnanexus,https://images.crunchbase.com/image/upload/t_cb-default-original/i8wkx6cnx445ke6rldkx,DNAnexus,$600M,$473M
239,United States,North America,Tencent,https://www.crunchbase.com/organization/pocket-gems,"data:image/gif;base64,R0lGODlhAQABAAAAACH5BAEKAAEALAAAAAABAAEAAAICTAEAOw==",Pocket Gems,$600M,$155M
240,United States,North America,"Accel, TCV",https://www.crunchbase.com/organization/gofundme,https://images.crunchbase.com/image/upload/t_cb-default-original/givk8oipekyo5o54yniv,GoFundMe,$600M,$0
241,India,Asia,"Alpha Wave Ventures, Tiger Global Management",https://www.crunchbase.com/organization/xprep,https://images.crunchbase.com/image/upload/t_cb-default-original/mszhmzr0h8c9c7xuwvwk,Classplus,$600M,$130M
242,Germany,Europe,"Lakestar, Tiger Global Management",https://www.crunchbase.com/organization/pitch-5b94,https://images.crunchbase.com/image/upload/t_cb-default-original/zb9x7vydizz33c9gihwb,Pitch,$600M,$138M
243,United States,North America,Addition,https://www.crunchbase.com/organization/brightwheel,"data:image/gif;base64,R0lGODlhAQABAAAAACH5BAEKAAEALAAAAAABAAEAAAICTAEAOw==",Brightwheel,$600M,$89M
244,India,Asia,"Tomales Bay Capital, WestCap",https://www.crunchbase.com/organization/zupee,https://images.crunchbase.com/image/upload/t_cb-default-original/ohjnlwcmuuzauldz9aly,Zupee,$600M,$121M
245,China,Asia,ShenZhen GTJA Investment Group,https://www.crunchbase.com/organization/jianke,https://images.crunchbase.com/image/upload/t_cb-default-original/ongepfwkvzfukgv7zwt1,Jianke,$600M,$281M
246,United States,North America,WestCap,https://www.crunchbase.com/organization/found-517b,https://images.crunchbase.com/image/upload/t_cb-default-original/g00oloedqtqpgvbbbhfp,Found,$600M,$132M
247,India,Asia,Beams FinTech Fund,https://www.crunchbase.com/organization/progcap,https://images.crunchbase.com/image/upload/t_cb-default-original/rrt0kj1oxkozofnhuc6a,Progcap,$600M,$149M
248,United States,North America,Deer Park Road,https://www.crunchbase.com/organization/bungalow,https://images.crunchbase.com/image/upload/t_cb-default-original/mgy2zuw2fngh3cgprg4d,Bungalow,$600M,$121M
249,Singapore,Asia,KFC Ventures,https://www.crunchbase.com/organization/matchmove-pay,"data:image/gif;base64,R0lGODlhAQABAAAAACH5BAEKAAEALAAAAAABAAEAAAICTAEAOw==",MatchMove Pay,$600M,$183M
250,China,Asia,Trustbridge Partners,https://www.crunchbase.com/organization/kaishu-jianggushi,https://images.crunchbase.com/image/upload/t_cb-default-original/x5i4cqpynbjaw2szw8gw,Kaishu Jianggushi,$600M,$154M
251,China,Asia,Tiger Global Management,https://www.crunchbase.com/organization/peilian-com,https://images.crunchbase.com/image/upload/t_cb-default-original/zmjx7xvbkrawu0v3oid9,Peilian.com,$600M,$150M
252,Germany,Europe,Toloka.vc,https://www.crunchbase.com/organization/finn-b149,https://images.crunchbase.com/image/upload/t_cb-default-original/bwriv1zlw0kwxkylqmzs,FINN,$600M,$255M
253,Singapore,Asia,China Fellow Partners,https://www.crunchbase.com/organization/mirxes-pte-ltd,https://images.crunchbase.com/image/upload/t_cb-default-original/l5g9mokky3m4rfkhsc26,Mirxes,$600M,$218M
254,United States,North America,General Catalyst,https://www.crunchbase.com/organization/modular-ai,https://images.crunchbase.com/image/upload/t_cb-default-original/ve2sojgtc0jpdse43pyz,Modular,$600M,$130M
255,India,Asia,"Beams FinTech Fund, Eurazeo",https://www.crunchbase.com/organization/insurancedekho,https://images.crunchbase.com/image/upload/t_cb-default-original/kx8wf7rmcy6xhlmwzf1d,InsuranceDekho,$600M,$230M
256,India,Asia,TPG,https://www.crunchbase.com/organization/shadowfax-technologies,https://images.crunchbase.com/image/upload/t_cb-default-original/o7esxovfanrkmdabydew,Shadowfax,$600M,$213M
257,Norway,Europe,Verdane,https://www.crunchbase.com/organization/meltwater,https://images.crunchbase.com/image/upload/t_cb-default-original/nmxwbi35ieuddllafpda,Meltwater,$592M,$240M
258,United States,North America,Andreessen Horowitz,https://www.crunchbase.com/organization/peach-street,https://images.crunchbase.com/image/upload/t_cb-default-original/kfelwoo9igyemynkqlvs,Valon Technologies,$590M,$167M
259,Japan,Asia,"Alibaba Group, Foxconn Technology Group",https://www.crunchbase.com/organization/softbank-robotics,"data:image/gif;base64,R0lGODlhAQABAAAAACH5BAEKAAEALAAAAAABAAEAAAICTAEAOw==",SoftBank Robotics Holdings,$590M,$236M
260,Canada,North America,Eldridge Industries,https://www.crunchbase.com/organization/koho-financial,https://images.crunchbase.com/image/upload/t_cb-default-original/boxxdmzlv7xkshnqhzvj,KOHO Financial,$588M,$279M
261,South Korea,Asia,Korea Development Bank,https://www.crunchbase.com/organization/brandi,https://images.crunchbase.com/image/upload/t_cb-default-original/zqo1ozcmzz3ybxwh6o7q,Brandi,$583M,$139M
262,United States,North America,"8VC, NewRoad Capital Partners",https://www.crunchbase.com/organization/platform-science,https://images.crunchbase.com/image/upload/t_cb-default-original/wz16arnh7lpl3sesdus7,Platform Science,$575M,$308M
263,United States,North America,Insight Partners,https://www.crunchbase.com/organization/shogun,https://images.crunchbase.com/image/upload/t_cb-default-original/hq1nqugpze0yum66rubn,Shogun,$575M,$115M
264,United States,North America,"Cobalt Capital, Dragoneer Investment Group",https://www.crunchbase.com/organization/tonal,https://images.crunchbase.com/image/upload/t_cb-default-original/w5esbixjxish652igijn,Tonal,$575M,$580M
265,China,Asia,Didi,https://www.crunchbase.com/organization/autoai-66b7,https://images.crunchbase.com/image/upload/t_cb-default-original/w5huwumblbpjbxzbmvyb,AutoAI,$571M,$238M
266,United States,North America,Microsoft Climate Innovation Fund,https://www.crunchbase.com/organization/amp-robotics,https://images.crunchbase.com/image/upload/t_cb-default-original/ytwqgg4l0815lwjqucug,AMP,$571M,$173M
267,United Kingdom,Europe,British Patient Capital,https://www.crunchbase.com/organization/form3-financial-cloud,https://images.crunchbase.com/image/upload/t_cb-default-original/ddxsybafoe2paoy3ulww,Form3,$570M,$271M
268,China,Asia,CTC Capital,https://www.crunchbase.com/organization/aispeech,"data:image/gif;base64,R0lGODlhAQABAAAAACH5BAEKAAEALAAAAAABAAEAAAICTAEAOw==",AISpeech,$568M,$207M
269,Germany,Europe,Tiger Global Management,https://www.crunchbase.com/organization/mosscredit,https://images.crunchbase.com/image/upload/t_cb-default-original/mppf89pw8xya6pffl81x,Moss,$567M,$150M
270,China,Asia,"Inno-Chip, Longzhu Capital",https://www.crunchbase.com/organization/axera,https://images.crunchbase.com/image/upload/t_cb-default-original/n8y92rqjop6gofhpen9e,Axera,$567M,$126M
271,United States,North America,SoftBank Vision Fund,https://www.crunchbase.com/organization/digits,https://images.crunchbase.com/image/upload/t_cb-default-original/ldnnhjag3u5d0ulfnaxx,Digits,$565M,$98M
272,United States,North America,Fidelity,https://www.crunchbase.com/organization/inscripta,https://images.crunchbase.com/image/upload/t_cb-default-original/cc0feqc8wlwqawckxvci,Inscripta,$565M,$464M
273,United States,North America,"8VC, Mubadala Capital Ventures",https://www.crunchbase.com/organization/alloy-therapeutics,https://images.crunchbase.com/image/upload/t_cb-default-original/j6xf7nqtcfvmat1fveny,Alloy Therapeutics,$563M,$128M
274,United Kingdom,Europe,Highland Europe,https://www.crunchbase.com/organization/nothing-4537,https://images.crunchbase.com/image/upload/t_cb-default-original/rkwun7wbalkou6wctuqt,Nothing,$562M,$253M
275,China,Asia,,https://www.crunchbase.com/organization/jiangsu-katop-automation,https://images.crunchbase.com/image/upload/t_cb-default-original/av97qb4xbmax8frjx4bn,Jiangsu KATOP Automation,$562M,$81M
276,United Kingdom,Europe,Greylock,https://www.crunchbase.com/organization/entrepreneur-first,https://images.crunchbase.com/image/upload/t_cb-default-original/q7k4d75v7uz2mb7nfob4,Entrepreneur First,$560M,$180M
277,United States,North America,Sequoia Capital,https://www.crunchbase.com/organization/fireworks-ai,https://images.crunchbase.com/image/upload/t_cb-default-original/xgb8cpbz7pcvovoowrmk,Fireworks AI,$552M,$77M
278,United States,North America,"Daniel Gross, Nabeel Hyatt",https://www.crunchbase.com/organization/the-bot-company,,The Bot Company,$550M,$150M
279,United States,North America,Pace Capital,https://www.crunchbase.com/organization/the-browser-company,https://images.crunchbase.com/image/upload/t_cb-default-original/luddjcelxu9lbl5lblpz,The Browser Company,$550M,$68M
280,United States,North America,Eight Roads Ventures,https://www.crunchbase.com/organization/prosper,"data:image/gif;base64,R0lGODlhAQABAAAAACH5BAEKAAEALAAAAAABAAEAAAICTAEAOw==",Prosper Marketplace,$550M,$414M
281,United States,North America,March Capital,https://www.crunchbase.com/organization/overjet,https://images.crunchbase.com/image/upload/t_cb-default-original/a8f2920eb78a46859bc7b595d36d6d69,Overjet,$550M,$131M
282,United States,North America,"Declaration Partners, Kinnevik",https://www.crunchbase.com/organization/sure-inc,https://images.crunchbase.com/image/upload/t_cb-default-original/x4u2wh0oafezelrvdyxm,Sure,$550M,$123M
283,United States,North America,OpenAI,https://www.crunchbase.com/organization/descript,https://images.crunchbase.com/image/upload/t_cb-default-original/xtloikyv8t1y9duch9fj,Descript,$550M,$100M
284,United States,North America,Ribbit Capital,https://www.crunchbase.com/organization/vouch-insurance-21c4,https://images.crunchbase.com/image/upload/t_cb-default-original/jbzeeosi1dhrxpssj2gb,Vouch,$550M,$185M
285,United States,North America,Lux Capital,https://www.crunchbase.com/organization/tendo-systems,https://images.crunchbase.com/image/upload/t_cb-default-original/sg9eitxis3j4i2kmdlr5,Tendo,$550M,$188M
286,Canada,North America,Bain Capital Tech Opportunities,https://www.crunchbase.com/organization/ataccama,https://images.crunchbase.com/image/upload/t_cb-default-original/qd3aucg3xfvcont9j6kp,Ataccama,$550M,$151M
287,United States,North America,Fubon Financial Holdings,https://www.crunchbase.com/organization/nanotech-energy,https://images.crunchbase.com/image/upload/t_cb-default-original/crnycl3khifmsdi63tto,Nanotech Energy,$550M,$95M
288,United States,North America,Stripes,https://www.crunchbase.com/organization/replicant-inc,https://images.crunchbase.com/image/upload/t_cb-default-original/ojphsmqjyczh7hj8qay9,Replicant,$550M,$113M
289,United States,North America,Andreessen Horowitz,https://www.crunchbase.com/organization/unitedmasters,https://images.crunchbase.com/image/upload/t_cb-default-original/kjr8zdube0hvp46daamx,UnitedMasters,$550M,$170M
290,United States,North America,Bessemer Venture Partners,https://www.crunchbase.com/organization/databook,https://images.crunchbase.com/image/upload/t_cb-default-original/vtvwxtiwgo6m8zayrbbj,Databook,$550M,$71M
291,China,Asia,"GGV Capital, Tiger Global Management",https://www.crunchbase.com/organization/hutouju,https://images.crunchbase.com/image/upload/t_cb-default-original/inovkf5wno1rnp3xkcd8,Hutouju,$550M,$50M
292,United States,North America,ICONIQ Growth,https://www.crunchbase.com/organization/pontera,https://images.crunchbase.com/image/upload/t_cb-default-original/cuch0kjqyra0rzqxqc98,Pontera,$550M,$159M
293,United States,North America,,https://www.crunchbase.com/organization/microport-orthopedics,"data:image/gif;base64,R0lGODlhAQABAAAAACH5BAEKAAEALAAAAAABAAEAAAICTAEAOw==",MicroPort Orthopedics,$550M,$82M
294,India,Asia,Vy Capital,https://www.crunchbase.com/organization/news-in-shorts,"data:image/gif;base64,R0lGODlhAQABAAAAACH5BAEKAAEALAAAAAABAAEAAAICTAEAOw==",Inshorts,$550M,$165M
295,Brazil,South America,DST Global,https://www.crunchbase.com/organization/hotel-urbano,https://images.crunchbase.com/image/upload/t_cb-default-original/rdapxwulytqbtur1aceq,Hurb,$546M,$161M
296,Japan,Asia,MUFG Bank,https://www.crunchbase.com/organization/animoca-brands-kk,https://images.crunchbase.com/image/upload/t_cb-default-original/foeck8p8maupxxxokryq,Animoca Brands KK,$545M,$55M
297,Brazil,South America,"Crescera Investimentos (f/k/a Bozano Investimentos), Vulcan Capital",https://www.crunchbase.com/organization/nelogica,https://images.crunchbase.com/image/upload/t_cb-default-original/vle7cbhetjehpwwkq9tm,Nelogica,$543M,$103M
298,Canada,North America,10T Holdings,https://www.crunchbase.com/organization/ledn,https://images.crunchbase.com/image/upload/t_cb-default-original/cokvo8qjsiyfo2kq36pk,Ledn,$540M,$103M
299,India,Asia,Swiss Re,https://www.crunchbase.com/organization/paytm-insurance,https://images.crunchbase.com/image/upload/t_cb-default-original/xhr9cygib7gjalqqcki9,Paytm Insurance,$533M,$123M
300,United States,North America,Samsung Electronics,https://www.crunchbase.com/organization/digilens,https://images.crunchbase.com/image/upload/t_cb-default-original/dgds32mqzbzefmrt5yps,DigiLens,$530M,$160M
301,South Korea,Asia,Sky Lake Investment,https://www.crunchbase.com/organization/deepx-c937,https://images.crunchbase.com/image/upload/t_cb-default-original/pwmydcdzsg3pnjyi5wta,DEEPX,$529M,$104M
302,Japan,Asia,Evolution Financial,https://www.crunchbase.com/organization/gve,https://images.crunchbase.com/image/upload/t_cb-default-original/gifkkhsmrzz4uqhyymsw,GVE,$523M,$26M
303,United States,North America,The General Partnership,https://www.crunchbase.com/organization/promise,https://images.crunchbase.com/image/upload/t_cb-default-original/tjbns6c1vlssify0bf7i,Promise,$520M,$48M
304,United States,North America,GIC,https://www.crunchbase.com/organization/parafin-1b48,https://images.crunchbase.com/image/upload/t_cb-default-original/wdpeo0ywi5nbbujgkkji,Parafin,$520M,$94M
305,India,Asia,Peak XV Partners,https://www.crunchbase.com/organization/metro-bikes,https://images.crunchbase.com/image/upload/t_cb-default-original/e0jspdelenxnx6hf5j4d,Bounce,$520M,$216M
306,India,Asia,Alpha Wave Global,https://www.crunchbase.com/organization/fi-money-1158,https://images.crunchbase.com/image/upload/t_cb-default-original/c8eyinjb0kzcd53ynxl9,Fi.Money,$519M,$137M
307,United States,North America,"Astanor Ventures, HH-CTBC Partnership",https://www.crunchbase.com/organization/monarch-tractors,https://images.crunchbase.com/image/upload/t_cb-default-original/mdmjtciqcopmgkah1ict,Monarch Tractor,$518M,$214M
308,United Kingdom,Europe,"Emerson Collective, Minden",https://www.crunchbase.com/organization/truphone,https://images.crunchbase.com/image/upload/t_cb-default-original/y97vvysb1cuskrtiok1d,Truphone,$518M,$622M
309,Spain,Europe,Eicher Motors Limited,https://www.crunchbase.com/organization/stark-future,https://images.crunchbase.com/image/upload/t_cb-default-original/ah0djmfpcyhnorutiubm,Stark Future,$515M,$59M
310,Canada,North America,Eldridge Industries,https://www.crunchbase.com/organization/viralnation,https://images.crunchbase.com/image/upload/t_cb-default-original/k5bifh1o2ygaby0ptozw,Viral Nation,$514M,$198M
311,Estonia,Europe,,https://www.crunchbase.com/organization/minterest-05e3,https://images.crunchbase.com/image/upload/t_cb-default-original/seqbxbta4nfvnvegaekh,Minterest,$514M,$6M
312,United States,North America,Uber,https://www.crunchbase.com/organization/limebike,https://images.crunchbase.com/image/upload/t_cb-default-original/smx66d87ykdqvjfu5bp3,Lime,$510M,$935M
313,India,Asia,Nekkanti Sea Foods,https://www.crunchbase.com/organization/captain-fresh,https://images.crunchbase.com/image/upload/t_cb-default-original/saqfg4iab7ecph81ec6q,Captain Fresh,$507M,$171M
314,United States,North America,Lightspeed Venture Partners,https://www.crunchbase.com/organization/inworld-ai,https://images.crunchbase.com/image/upload/t_cb-default-original/an7aeim1qtavk4q9rpfv,Inworld AI,$506M,$126M
315,United Kingdom,Europe,Sofina,https://www.crunchbase.com/organization/cleo-ai,https://images.crunchbase.com/image/upload/t_cb-default-original/gur98suw9rsdtxzhoyzh,Cleo,$501M,$139M
316,South Korea,Asia,Tencent,https://www.crunchbase.com/organization/mx-player,https://images.crunchbase.com/image/upload/t_cb-default-original/u3gibpin9t8ymcgwk0kc,MX Player,$501M,$111M
317,United States,North America,Andreessen Horowitz,https://www.crunchbase.com/organization/quora,https://images.crunchbase.com/image/upload/t_cb-default-original/pcwpbul2fudkl2ru5szt,Quora,$500M,$301M
318,United States,North America,,https://www.crunchbase.com/organization/c2x,https://images.crunchbase.com/image/upload/t_cb-default-original/huxitujigh79zoh0b8q6,C2x,$500M,$25M
319,Hungary,Europe,IVP,https://www.crunchbase.com/organization/seon-security,https://images.crunchbase.com/image/upload/t_cb-default-original/gvgdqsvq5xzd9pl5xr9l,SEON,$500M,$108M
320,United Kingdom,Europe,M&G Investments,https://www.crunchbase.com/organization/envisics,https://images.crunchbase.com/image/upload/t_cb-default-original/lgvi46cqplm8ygnukybj,Envisics,$500M,$150M
321,India,Asia,"Tiger Global Management, Vitruvian Partners",https://www.crunchbase.com/organization/the-porter,https://images.crunchbase.com/image/upload/t_cb-default-original/xep6addrb50fretm9icf,Porter,$500M,$132M
322,United States,North America,The Raine Group,https://www.crunchbase.com/organization/foursquare,https://images.crunchbase.com/image/upload/t_cb-default-original/v90loflnmkvmltenpcli,Foursquare,$500M,$349M
323,United States,North America,Forrestal Capital,https://www.crunchbase.com/organization/takeoff-technologies,https://images.crunchbase.com/image/upload/t_cb-default-original/kvepwi4aq2srzh89p9e8,TakeOff,$500M,$146M
324,United States,North America,Susquehanna Growth Equity,https://www.crunchbase.com/organization/hackerrank,https://images.crunchbase.com/image/upload/t_cb-default-original/lqlkg85sw4sgmp2xvznh,HackerRank,$500M,$103M
325,United States,North America,Visa,https://www.crunchbase.com/organization/deserve,https://images.crunchbase.com/image/upload/t_cb-default-original/sluoxc6bgpqxe9u9kitc,Deserve Inc.,$500M,$144M
326,United States,North America,Advent International,https://www.crunchbase.com/organization/tredence,https://images.crunchbase.com/image/upload/t_cb-default-original/gjw9636awooh7uwvgeir,Tredence,$500M,$205M
327,United States,North America,Innovation Endeavors,https://www.crunchbase.com/organization/tunein-inc,https://images.crunchbase.com/image/upload/t_cb-default-original/be0ovtn1pzixlj8hdnv4,TuneIn,$500M,$147M
328,Israel,Asia,General Atlantic,https://www.crunchbase.com/organization/atera-networks-ltd,https://images.crunchbase.com/image/upload/t_cb-default-original/i2gocvlbsxdklvv2cdey,Atera,$500M,$102M
329,United Kingdom,Europe,General Catalyst,https://www.crunchbase.com/organization/rossum,https://images.crunchbase.com/image/upload/t_cb-default-original/yvymfin0mikkkutpxgpu,Rossum,$500M,$109M
330,United States,North America,Fin Capital,https://www.crunchbase.com/organization/ocrolus,https://images.crunchbase.com/image/upload/t_cb-default-original/vwdz5iak6poppe3kw8uq,Ocrolus,$500M,$124M
331,Canada,North America,Georgian,https://www.crunchbase.com/organization/tophat,https://images.crunchbase.com/image/upload/t_cb-default-original/dpyva4a0js6ywvijmnhq,Top Hat,$500M,$234M
332,United Kingdom,Europe,"Dawn Capital, Goldman Sachs",https://www.crunchbase.com/organization/elwood-asset-management,https://images.crunchbase.com/image/upload/t_cb-default-original/bivoggngdrx6qobvno1f,Elwood Technologies,$500M,$70M
333,Singapore,Asia,Tiger Global Management,https://www.crunchbase.com/organization/spenmo,https://images.crunchbase.com/image/upload/t_cb-default-original/ifcuqirbtjs6jnueomat,Spenmo,$500M,$121M
334,United States,North America,Coatue,https://www.crunchbase.com/organization/appzen,https://images.crunchbase.com/image/upload/t_cb-default-original/asj0oanfvaxhnre0laii,AppZen,$500M,$101M
335,United States,North America,SoftBank Vision Fund,https://www.crunchbase.com/organization/sense-talent-labs,https://images.crunchbase.com/image/upload/t_cb-default-original/feolrmmst2zxpyoulwkf,Sense,$500M,$90M
336,Israel,Asia,One Peak,https://www.crunchbase.com/organization/cymulate,https://images.crunchbase.com/image/upload/t_cb-default-original/vd2irrc34zkfbatn3kqc,Cymulate,$500M,$141M
337,United States,North America,Warburg Pincus,https://www.crunchbase.com/organization/modernizing-medicine,"data:image/gif;base64,R0lGODlhAQABAAAAACH5BAEKAAEALAAAAAABAAEAAAICTAEAOw==",Modernizing Medicine,$500M,$376M
338,Germany,Europe,TCV,https://www.crunchbase.com/organization/spryker-systems,https://images.crunchbase.com/image/upload/t_cb-default-original/bg35vskqdmc0ho14as67,Spryker,$500M,$152M
339,Switzerland,Europe,Sequoia Capital,https://www.crunchbase.com/organization/yokoy,https://images.crunchbase.com/image/upload/t_cb-default-original/iratjb8kdakyle6yzjil,Yokoy,$500M,$108M
340,United States,North America,Brookfield Growth,https://www.crunchbase.com/organization/next-trucking,https://images.crunchbase.com/image/upload/t_cb-default-original/hsu94qggazywtg09ihnq,NEXT Trucking,$500M,$124M
341,United States,North America,SignalFire,https://www.crunchbase.com/organization/mainstreet-08ea,https://images.crunchbase.com/image/upload/t_cb-default-original/rsfcu9w0pq7onpqh6zq0,MainStreet,$500M,$63M
342,India,Asia,Surge,https://www.crunchbase.com/organization/ecsoglobal,https://images.crunchbase.com/image/upload/t_cb-default-original/kuo9xqdfs8ujos3e5zha,Absolute,$500M,$116M
343,Isle of Man,Europe,"Grok Ventures, IPGL",https://www.crunchbase.com/organization/juvenescence,https://images.crunchbase.com/image/upload/t_cb-default-original/mz3fpk8w5tno8pib9qbf,Juvenescence,$500M,$219M
344,United States,North America,ICONIQ Growth,https://www.crunchbase.com/organization/zinier,https://images.crunchbase.com/image/upload/t_cb-default-original/sbrwbc3sf20njipz8fob,Zinier,$500M,$120M
345,Israel,Asia,PSG Equity,https://www.crunchbase.com/organization/pixellot,https://images.crunchbase.com/image/upload/t_cb-default-original/f59lwlfx66f5et5nd2bo,Pixellot,$500M,$218M
346,United States,North America,Bell Ventures,https://www.crunchbase.com/organization/cohere-technologies,"data:image/gif;base64,R0lGODlhAQABAAAAACH5BAEKAAEALAAAAAABAAEAAAICTAEAOw==",Cohere Technologies,$500M,$81M
347,United States,North America,Durable Capital Partners,https://www.crunchbase.com/organization/sunniva-super-coffee,https://images.crunchbase.com/image/upload/t_cb-default-original/spf6pvivksrvx69lohv8,Super Coffee,$500M,$131M
348,Israel,Asia,Tiger Global Management,https://www.crunchbase.com/organization/guardio,https://images.crunchbase.com/image/upload/t_cb-default-original/vwl5a3fscwqshaoghmur,Guardio,$500M,$47M
349,United States,North America,Translink Capital,https://www.crunchbase.com/organization/cooler-screens,https://images.crunchbase.com/image/upload/t_cb-default-original/mtbjxfnx9xd0da67vwve,Cooler Screens,$500M,$81M
350,Kuwait,Asia,Boubyan Petrochemical Company,https://www.crunchbase.com/organization/boutiqaat,https://images.crunchbase.com/image/upload/t_cb-default-original/qyxgjdqzansbcf98zjqi,Boutiqaat,$500M,$45M
351,Switzerland,Europe,Porsche Ventures,https://www.crunchbase.com/organization/wayray,https://images.crunchbase.com/image/upload/t_cb-default-original/v9yujjthn5q6f6qpowg4,WayRay,$500M,$108M
352,Brazil,South America,"Bezos Expeditions, Ribbit Capital",https://www.crunchbase.com/organization/starkbank,https://images.crunchbase.com/image/upload/t_cb-default-original/tbjh1cshnbsbkuleqtui,Stark Bank,$500M,$61M
353,United States,North America,Salem Investment Partners,https://www.crunchbase.com/organization/tiffs-treats-holdings,https://images.crunchbase.com/image/upload/t_cb-default-original/bgehjlr7oejydc5rkaxj,Tiff's Treats,$500M,$97M
354,United States,North America,"Solana Ventures, VanEck",https://www.crunchbase.com/organization/parallel-ed26,https://images.crunchbase.com/image/upload/t_cb-default-original/g3cu1bvut7zztrysakzv,Parallel,$500M,$85M
355,Israel,Asia,"CRV, Highland Europe",https://www.crunchbase.com/organization/activefence,https://images.crunchbase.com/image/upload/t_cb-default-original/ybx7v261imoqok2nidb5,ActiveFence,$500M,$100M
356,China,Asia,BPEA EQT,https://www.crunchbase.com/organization/codemao,https://images.crunchbase.com/image/upload/t_cb-default-original/kj6t6fnq91avusl1khuf,Codemao,$500M,$360M
357,China,Asia,"5Y Capital, Meituan",https://www.crunchbase.com/organization/visionnav-robotics,https://images.crunchbase.com/image/upload/t_cb-default-original/phae1ljylwbdh8uk1wem,VisionNav Robotics,$500M,$139M
358,United States,North America,"Elad Gil, Electric Capital",https://www.crunchbase.com/organization/bitwise-asset-management,https://images.crunchbase.com/image/upload/t_cb-default-original/e2k3skg1k4kniezg3hoo,Bitwise,$500M,$85M
359,China,Asia,Source Code Capital,https://www.crunchbase.com/organization/edianzu,"data:image/gif;base64,R0lGODlhAQABAAAAACH5BAEKAAEALAAAAAABAAEAAAICTAEAOw==",Edianyun,$500M,$202M
360,United States,North America,DFJ Growth,https://www.crunchbase.com/organization/renovate-america,"data:image/gif;base64,R0lGODlhAQABAAAAACH5BAEKAAEALAAAAAABAAEAAAICTAEAOw==",Renovate America,$500M,$150M
361,United States,North America,GSV Ventures,https://www.crunchbase.com/organization/simplilearn,"data:image/gif;base64,R0lGODlhAQABAAAAACH5BAEKAAEALAAAAAABAAEAAAICTAEAOw==",Simplilearn,$500M,$73M
362,Nigeria,Africa,"Target Global, Valar Ventures",https://www.crunchbase.com/organization/kuda-mf-bank,https://images.crunchbase.com/image/upload/t_cb-default-original/uj1aq2gnwibrmlo7fj1x,Kuda,$500M,$92M
363,Germany,Europe,"Bregal Milestone, Level Equity Management",https://www.crunchbase.com/organization/uberall,"data:image/gif;base64,R0lGODlhAQABAAAAACH5BAEKAAEALAAAAAABAAEAAAICTAEAOw==",uberall,$500M,$171M
364,United States,North America,Abu Dhabi Investment Office (ADIO),https://www.crunchbase.com/organization/aerofarms,https://images.crunchbase.com/image/upload/t_cb-default-original/ecxuhkairiiyxzr6bhtd,AeroFarms,$500M,$313M
365,India,Asia,"Rocketship.vc, Vulcan Capital",https://www.crunchbase.com/organization/teachmint,https://images.crunchbase.com/image/upload/t_cb-default-original/l5jhujfsmljmed4yoqjm,Teachmint,$500M,$118M
366,United States,North America,L Catterton,https://www.crunchbase.com/organization/homebase,"data:image/gif;base64,R0lGODlhAQABAAAAACH5BAEKAAEALAAAAAABAAEAAAICTAEAOw==",Homebase,$500M,$189M
367,Bahrain,Asia,"Kleiner Perkins, Paradigm",https://www.crunchbase.com/organization/rain-bh,https://images.crunchbase.com/image/upload/t_cb-default-original/l5hrxcnhuujyhb2numhj,Rain,$500M,$223M
368,United States,North America,"Counterpoint Global, Liberty Media",https://www.crunchbase.com/organization/overtime,https://images.crunchbase.com/image/upload/t_cb-default-original/tgifkx8idowiukvzdhmc,Overtime,$500M,$215M
369,United States,North America,"Andreessen Horowitz, Richmond Global Ventures",https://www.crunchbase.com/organization/chia-network,https://images.crunchbase.com/image/upload/t_cb-default-original/imvpdr2ojkewj6lqg7eb,Chia Network,$500M,$70M
370,France,Europe,Greenoaks,https://www.crunchbase.com/organization/agicap,https://images.crunchbase.com/image/upload/t_cb-default-original/mmrrfhbksgovd4bybjjr,Agicap,$500M,$119M
371,United States,North America,Polychain,https://www.crunchbase.com/organization/parallel-finance,https://images.crunchbase.com/image/upload/t_cb-default-original/dknnlbnt4g0trgqgzykg,Parallel Finance,$500M,$30M
372,China,Asia,,https://www.crunchbase.com/organization/databox-23a3,https://images.crunchbase.com/image/upload/t_cb-default-original/4c19b89f3016b12da880,DataBox,$500M,$102M
373,Singapore,Asia,NEAR,https://www.crunchbase.com/organization/cosmose,https://images.crunchbase.com/image/upload/t_cb-default-original/upsqqfikyl9ctjybyepp,Cosmose,$500M,$27M
374,United States,North America,Explorer 1 Fund,https://www.crunchbase.com/organization/ursa-major-technologies,https://images.crunchbase.com/image/upload/t_cb-default-original/qhyo7qcllj78ooevchgm,Ursa Major,$500M,$272M
375,United States,North America,Penske Media Corporation,https://www.crunchbase.com/organization/vox-media,https://images.crunchbase.com/image/upload/t_cb-default-original/epbwlnihpgie4erkkd9c,Vox Media,$500M,$408M
376,United States,North America,"Polychain, Qiming Venture Partners",https://www.crunchbase.com/organization/p0x-labs,https://images.crunchbase.com/image/upload/t_cb-default-original/m2isu9qjsitat329zp8d,P0x Labs,$500M,$32M
377,United States,North America,ICONIQ Growth,https://www.crunchbase.com/organization/writer,https://images.crunchbase.com/image/upload/t_cb-default-original/jqgtyt2qclr1ikl5mpjv,Writer,$500M,$126M
378,United States,North America,NVentures,https://www.crunchbase.com/organization/hippocratic-ai,https://images.crunchbase.com/image/upload/t_cb-default-original/jqqoc3szprabzs50n1si,Hippocratic AI,$500M,$135M
379,France,Europe,"Aglaé Ventures, Balderton Capital",https://www.crunchbase.com/organization/photoroom,https://images.crunchbase.com/image/upload/t_cb-default-original/zbyeii0vw9ij2vreziou,Photoroom,$500M,$62M
380,United States,North America,Index Ventures,https://www.crunchbase.com/organization/captions,https://images.crunchbase.com/image/upload/t_cb-default-original/aj2biaovvzb0iwpn0lme,Captions,$500M,$100M
381,United States,North America,Sapphire Ventures,https://www.crunchbase.com/organization/ujet,https://images.crunchbase.com/image/upload/t_cb-default-original/adgi9thh44lft6b8ki5z,UJET,$500M,$177M
382,United States,North America,Buckley Ventures,https://www.crunchbase.com/organization/speak-3,https://images.crunchbase.com/image/upload/t_cb-default-original/jr5srluxhqmsjbiblh7u,Speak,$500M,$74M
383,United States,North America,Benchmark,https://www.crunchbase.com/organization/heygen,https://images.crunchbase.com/image/upload/t_cb-default-original/oui4t18oh05bxqhltkwq,HeyGen,$500M,$69M
384,United States,North America,Matrix,https://www.crunchbase.com/organization/suno-279f,https://images.crunchbase.com/image/upload/t_cb-default-original/gflnhgzhx7iiqhpceraa,Suno,$500M,$125M
385,United Kingdom,Europe,Georgian,https://www.crunchbase.com/organization/poly-ai,https://images.crunchbase.com/image/upload/t_cb-default-original/wqvg1pn97bbvafd6rwoy,PolyAI,$500M,$116M
386,United States,North America,Insight Partners,https://www.crunchbase.com/organization/workit-health,https://images.crunchbase.com/image/upload/t_cb-default-original/xwsngy4wv1m90xg10te7,Workit Health,$500M,$110M
387,United States,North America,Notable Capital,https://www.crunchbase.com/organization/pinwheel-7871,https://images.crunchbase.com/image/upload/t_cb-default-original/dendmabnpmwlrjlgdu0l,Pinwheel,$500M,$77M
388,United States,North America,General Catalyst,https://www.crunchbase.com/organization/collaborative-robotics,https://images.crunchbase.com/image/upload/t_cb-default-original/b2yo6rvobpkb17muojfx,Collaborative Robotics,$500M,$140M
389,United States,North America,"Celesta Capital, Mayfield Fund",https://www.crunchbase.com/organization/auradine,https://images.crunchbase.com/image/upload/t_cb-default-original/hlk5qqbrg9koj4pznbak,Auradine,$500M,$151M
390,India,Asia,"IIFL Finance, Malabar Investment Advisors",https://www.crunchbase.com/organization/cartrade,"data:image/gif;base64,R0lGODlhAQABAAAAACH5BAEKAAEALAAAAAABAAEAAAICTAEAOw==",CarTrade,$466M,$307M
391,United States,North America,,https://www.crunchbase.com/organization/ducenta-squared,https://images.crunchbase.com/image/upload/t_cb-default-original/s0lwzvn4pqwcn3piue2f,Ducenta Squared,$0,$0
